NOMBRE;APELLIDO;EMAIl;TRABAJO;LUGAR
Robbie;VonRueden;Amara_Willms92@hotmail.com;Internal Data Orchestrator;North Deshawnland
Alexander;Koss;Norma_Rice80@gmail.com;National Security Representative;Sandyhaven
Stevie;Carter;Cydney.Heathcote43@hotmail.com;Principal Optimization Administrator;North Coryfort
Karianne;Hammes;Aimee_Friesen9@yahoo.com;District Research Specialist;Jacksonburgh
Etha;D'Amore;Everardo42@gmail.com;Investor Metrics Assistant;New Micahfort
Maeve;Witting;Harley_Hoeger@gmail.com;Principal Data Planner;New Alaina
Matilde;Kessler;Percy5@yahoo.com;National Interactions Executive;Silasstad
Isabel;Torphy;Casimer53@hotmail.com;Customer Factors Director;North Lulubury
Magali;Runolfsson;Luella_Adams52@yahoo.com;Chief Directives Director;East Judah
Helen;Crooks;Allison47@hotmail.com;National Intranet Engineer;San Luis Obispo
Lois;Legros;Jordi_Kris@yahoo.com;Dynamic Assurance Supervisor;Richardland
Cory;Rath;Santiago89@yahoo.com;Legacy Metrics Coordinator;West Osbaldomouth
Constantin;Greenfelder;Wellington.Armstrong@yahoo.com;Dynamic Usability Coordinator;Schaumburg
Abner;Abbott;Javonte.Dare@hotmail.com;Future Quality Representative;Glendora
Kelley;Boehm;Priscilla_Gibson@gmail.com;Lead Usability Strategist;Woodland
Kenneth;Carter;Greta.Schaefer71@gmail.com;National Metrics Engineer;West Genovevashire
Floyd;VonRueden;Griffin.Leuschke87@yahoo.com;Customer Communications Director;Sallieshire
Lydia;Beer;Myrtis_MacGyver@hotmail.com;District Tactics Agent;Lake Forest
Judah;Armstrong;Elmer.Fahey@hotmail.com;Future Web Developer;Claudiashire
Charley;Gerlach;Bradly_Howe86@yahoo.com;Principal Integration Officer;Twin Falls
Gerda;Powlowski;Xavier_Farrell@yahoo.com;Dynamic Group Manager;Cincinnati
Rosemary;Veum;Holly96@yahoo.com;Senior Factors Liaison;Sethmouth
Kristian;Jast;Michele65@yahoo.com;International Configuration Developer;Round Rock
Lou;Labadie;Lamar_Bailey@yahoo.com;Direct Infrastructure Agent;North Berryshire
Travon;McKenzie;Doug_Champlin@hotmail.com;Legacy Research Orchestrator;Candidohaven
Leanna;Leannon;Kiana.Towne77@gmail.com;Product Integration Engineer;Carloschester
Rosemary;Jacobi;Newell5@gmail.com;Dynamic Accountability Associate;New Dariana
Anjali;Grant;Jaclyn_Lubowitz@hotmail.com;Central Accounts Administrator;Port Abigaleside
Jedediah;Jakubowski;Rodrigo.Bernier@gmail.com;Future Tactics Planner;Destinyborough
Keshawn;Murazik;Eloise_Kunde72@hotmail.com;Forward Program Officer;New Jerrold
Rosetta;Marvin;Josiah18@hotmail.com;Chief Division Architect;Lake Christaland
Giovanna;Zemlak;Rex.McLaughlin@yahoo.com;Legacy Applications Manager;Schmittberg
Ruthe;Ondricka;Breana_Weissnat92@gmail.com;Direct Mobility Assistant;Wildermanshire
Bella;Kling;Carmen.Gutkowski@gmail.com;Human Directives Coordinator;Lake Chaddland
Alexie;Vandervort;Cameron59@gmail.com;International Quality Strategist;West Chanel
Clemmie;Connelly;Keanu55@hotmail.com;National Accountability Analyst;Veummouth
Samson;Schuppe;Robin69@gmail.com;Investor Optimization Facilitator;Rathchester
Linwood;Rogahn;Perry_Jaskolski@gmail.com;Product Research Director;Portsmouth
Wilford;Kovacek;Yvonne99@gmail.com;Customer Infrastructure Specialist;South Salma
Chet;Boehm;Ransom.Frami48@yahoo.com;Future Research Coordinator;North Alphonsoshire
Roger;Lehner;Adrianna33@hotmail.com;Human Configuration Orchestrator;Port Letha
Darien;Wintheiser;Vicky.Gleason44@yahoo.com;Internal Web Planner;Hermanchester
Isabella;Purdy;Trystan.Padberg@yahoo.com;Internal Solutions Liaison;New Diamond
Creola;Hermann;Joseph_Mann@yahoo.com;Lead Accountability Executive;Jakubowskiberg
Josefa;Carroll;Ruth_Paucek11@hotmail.com;Global Applications Officer;Halvorsonburgh
Webster;Kulas;June_Harber66@yahoo.com;Investor Identity Facilitator;New Thaddeusmouth
Sydnie;Lebsack;Lester_Kilback54@yahoo.com;Direct Tactics Supervisor;West Osborneland
Kelsi;Mayert;Bryon21@gmail.com;Dynamic Configuration Agent;Port Kenneth
Efrain;Paucek;Ana.Ritchie18@gmail.com;International Web Assistant;Port Lura
Hulda;Moen;Preston_Von@gmail.com;Product Data Assistant;West Alicia
Cortney;Simonis;Krista61@yahoo.com;Dynamic Infrastructure Producer;Brennafurt
Telly;Flatley;Adrienne.Turner14@hotmail.com;Investor Accountability Facilitator;Philadelphia
Kari;Mitchell;Hermann32@yahoo.com;Product Tactics Technician;Schmelerhaven
Trace;Beier;Julio55@gmail.com;Investor Tactics Coordinator;Port Tia
Stephanie;Koelpin;Rodolfo.Hilpert@yahoo.com;Direct Communications Specialist;San Juan
Nick;Runte;Brandt65@yahoo.com;Principal Operations Producer;Albertaview
Easton;Marks;Trudie_Dietrich@hotmail.com;Principal Markets Consultant;Encinitas
Llewellyn;Kutch;Jocelyn.Boyle11@yahoo.com;Future Response Engineer;Troy
Gordon;Morissette;Earline_Herman54@yahoo.com;Forward Interactions Specialist;South Augustside
Florida;Bergstrom;Nicola48@hotmail.com;Legacy Usability Executive;Port Marley
Ora;Sporer;Naomie.Barrows27@yahoo.com;Principal Operations Consultant;Southaven
Rodger;Hills;Candice.Hahn40@hotmail.com;Customer Brand Designer;West Olinborough
Janiya;Rath;Enos_Heaney71@gmail.com;Human Assurance Executive;Carolynburgh
Mckenna;Rosenbaum;Isaac_Collins@hotmail.com;Human Brand Agent;Cheektowaga
Coy;Johns;Mylene.Lind@yahoo.com;Dynamic Brand Executive;South Ashleyborough
Cooper;Yundt;Joyce66@hotmail.com;Lead Factors Orchestrator;Rancho Cordova
Ezequiel;Hegmann;Reginald69@gmail.com;Customer Response Planner;Sadyeburgh
Patrick;McKenzie;Lonie9@hotmail.com;Central Communications Producer;Cruickshankfurt
Ole;Gorczany;Annie3@hotmail.com;Principal Web Technician;Bergstromfort
Olen;Robel;Darrick.Ebert39@gmail.com;Dynamic Group Liaison;Arnaldoton
Oda;Gleichner;Nikolas91@gmail.com;Customer Communications Producer;New Albinamouth
Price;Bechtelar;Clara.OKon@yahoo.com;Dynamic Factors Consultant;Lydahaven
Vicky;Powlowski;Brielle.Nolan7@gmail.com;Corporate Branding Administrator;Khalilview
Russel;Mante;Arielle53@hotmail.com;Central Infrastructure Consultant;Maurineland
Marcella;Reilly;Odessa_Kunze@hotmail.com;District Interactions Liaison;Arden-Arcade
Alysha;Corkery;Assunta_Kuphal36@yahoo.com;Central Solutions Designer;West Aubreyfurt
Stacy;Kunze;Lamont.Pacocha@hotmail.com;Dynamic Functionality Strategist;North Apriltown
Mossie;Harvey;Freeda_Muller@yahoo.com;Corporate Response Engineer;San Jacinto
Eva;Champlin;Terrell.Smitham74@gmail.com;Lead Marketing Director;Port Chelseyburgh
Kailee;Tremblay;Monroe.Brekke@yahoo.com;Investor Identity Technician;North Kendrickville
Gerry;Graham;Carmela56@gmail.com;Customer Assurance Producer;Reillyhaven
Alejandra;Glover;Emelie92@yahoo.com;Senior Accountability Supervisor;Colton
Ozella;Nitzsche;Keith.Bechtelar@gmail.com;Future Metrics Supervisor;Apple Valley
Drake;Thiel;Orrin57@hotmail.com;International Brand Technician;West Tiara
Vivian;Botsford;Kirstin14@gmail.com;Global Infrastructure Consultant;Lake Nadiaborough
Vidal;Douglas;Jalon.Okuneva8@hotmail.com;Senior Operations Architect;Binsshire
Darby;Wunsch;Jameson16@yahoo.com;Dynamic Quality Associate;Madison
Bo;Gleason;Newton84@gmail.com;Central Creative Agent;Boscohaven
Donny;Christiansen;Maude_Nader@gmail.com;National Metrics Administrator;Heleneside
Solon;Strosin;Mose.Hane40@gmail.com;Product Web Agent;Javierburgh
Cathryn;Schaden;Geovanny91@gmail.com;Global Marketing Administrator;West Ruthe
Lamont;Cronin;Weston52@gmail.com;National Solutions Administrator;West Leopoldo
Uriel;Durgan;Natalia.Gerlach@yahoo.com;Dynamic Assurance Administrator;North Huldaburgh
Tia;Hoeger;Orlo_Pagac66@yahoo.com;Investor Solutions Technician;Wheaton
Carey;Dickinson;Ernest.Larson@hotmail.com;Lead Research Manager;Smyrna
Don;Konopelski;Raina.Nikolaus20@hotmail.com;International Identity Analyst;North Maryse
Alf;Bartell;Tamia58@yahoo.com;Customer Brand Director;South Ernesto
Dedrick;Okuneva;Keely75@gmail.com;Global Communications Supervisor;Kentwood
Lincoln;Waelchi;Lavada_Lubowitz93@gmail.com;Investor Accountability Consultant;Plymouth
Lenny;Jakubowski;Amy.Haley@yahoo.com;Chief Interactions Manager;Eugene
